Epoch,Num trials,Number correct,accuracy,Time,memory
0,948,11,0.011603375527426161,1.2597942959982902,498.0
